har1,2020-01-23,2020-01-23 23:43:21.317028,127.0.0.1
hhhhhh,2020-01-25,2020-01-25 21:52:46.484712,127.0.0.1
nakki,2020-01-25,2020-01-25 21:52:56.819386,127.0.0.1
nikki,2020-01-25,2020-01-25 21:54:19.900799,127.0.0.1
nikki,2020-01-25,2020-01-25 21:54:28.135273,127.0.0.1
haha,2020-01-26,2020-01-26 17:50:54.762595,127.0.0.1
haha,2020-01-26,2020-01-26 17:51:41.436431,127.0.0.1
haha,2020-01-26,2020-01-26 17:51:49.482279,127.0.0.1
qfwq,2020-01-29,2020-01-29 10:56:21.403744,127.0.0.1
har,2020-01-29,2020-01-29 10:56:27.677464,127.0.0.1
har,2020-01-29,2020-01-29 18:17:47.461665,127.0.0.1
har,2020-01-29,2020-01-29 18:21:31.218021,127.0.0.1
har,2020-01-29,2020-01-29 18:22:07.873431,127.0.0.1
har,2020-01-29,2020-01-29 18:26:15.336774,127.0.0.1
har,2020-01-29,2020-01-29 18:28:07.965766,127.0.0.1
har,2020-01-29,2020-01-29 18:29:48.586780,127.0.0.1
hh,2020-01-29,2020-01-29 18:36:33.059648,127.0.0.1
bb,2020-01-30,2020-01-30 17:31:27.280791,127.0.0.1
har,2020-01-30,2020-01-30 17:31:34.131195,127.0.0.1
hh,2020-01-30,2020-01-30 17:42:37.378967,127.0.0.1
h,2020-01-30,2020-01-30 17:43:05.444910,127.0.0.1
h,2020-01-30,2020-01-30 17:43:09.411668,127.0.0.1
h,2020-01-30,2020-01-30 17:45:24.581209,127.0.0.1
h,2020-01-30,2020-01-30 17:49:53.102834,127.0.0.1
h,2020-01-30,2020-01-30 17:51:21.035753,127.0.0.1
h,2020-01-30,2020-01-30 17:52:17.776046,127.0.0.1
har,2020-01-31,2020-01-31 14:30:25.946116,127.0.0.1
h,2020-01-31,2020-01-31 14:30:30.266861,127.0.0.1
h,2020-02-01,2020-02-01 17:58:44.208956,127.0.0.1
h,2020-02-01,2020-02-01 18:05:55.509112,127.0.0.1
h,2020-02-01,2020-02-01 18:06:51.055661,127.0.0.1
h,2020-02-01,2020-02-01 18:08:59.932251,127.0.0.1
h,2020-02-01,2020-02-01 18:14:12.925427,127.0.0.1
h,2020-02-01,2020-02-01 18:16:01.089281,127.0.0.1
h,2020-02-01,2020-02-01 19:14:39.040931,127.0.0.1
h,2020-02-01,2020-02-01 19:28:22.056518,127.0.0.1
h,2020-02-01,2020-02-01 19:35:40.785438,127.0.0.1
h,2020-02-01,2020-02-01 19:37:45.793705,127.0.0.1
h,2020-02-01,2020-02-01 19:39:22.643524,127.0.0.1
h,2020-02-01,2020-02-01 19:50:22.942523,127.0.0.1
h,2020-02-01,2020-02-01 19:52:39.269254,127.0.0.1
h,2020-02-01,2020-02-01 19:55:16.526328,127.0.0.1
h,2020-02-01,2020-02-01 19:55:56.900581,127.0.0.1
h,2020-02-01,2020-02-01 19:57:11.352131,127.0.0.1
h,2020-02-01,2020-02-01 19:58:55.267284,127.0.0.1
h,2020-02-01,2020-02-01 20:01:38.215449,127.0.0.1
h,2020-02-01,2020-02-01 20:03:45.708101,127.0.0.1
h,2020-02-01,2020-02-01 20:05:16.123679,127.0.0.1
h,2020-02-01,2020-02-01 20:08:19.106391,127.0.0.1
h,2020-02-01,2020-02-01 20:09:36.320105,127.0.0.1
h,2020-02-01,2020-02-01 20:11:41.991483,127.0.0.1
h,2020-02-01,2020-02-01 20:12:31.994115,127.0.0.1
h,2020-02-01,2020-02-01 20:12:47.119595,127.0.0.1
h,2020-02-01,2020-02-01 20:14:28.236792,127.0.0.1
h,2020-02-01,2020-02-01 20:15:43.261147,127.0.0.1
h,2020-02-01,2020-02-01 20:19:16.222263,127.0.0.1
h,2020-02-01,2020-02-01 20:26:29.554892,127.0.0.1
h,2020-02-01,2020-02-01 20:33:25.228371,127.0.0.1
h,2020-02-01,2020-02-01 20:35:26.552455,127.0.0.1
h,2020-02-01,2020-02-01 20:39:35.946824,127.0.0.1
h,2020-02-01,2020-02-01 20:40:38.446167,127.0.0.1
n,2020-02-02,2020-02-02 13:42:16.180845,127.0.0.1
n,2020-02-02,2020-02-02 13:42:22.203779,127.0.0.1
h,2020-02-02,2020-02-02 13:43:57.581664,127.0.0.1
aga,2020-03-17,2020-03-17 15:26:52.505495,127.0.0.1
agam,2020-03-17,2020-03-17 15:27:04.717678,127.0.0.1
agam,2020-03-17,2020-03-17 15:27:13.002551,127.0.0.1
agam,2020-03-17,2020-03-17 15:27:27.759750,127.0.0.1
nik,2020-04-10,2020-04-10 23:00:41.422372,127.0.0.1
h,2020-04-28,2020-04-28 23:47:28.630151,127.0.0.1
h,2020-04-28,2020-04-28 23:48:48.854533,127.0.0.1
